date,actual_target_1d,ols_pred_target_1d,actual_target_3d,ols_pred_target_3d,actual_target_5d,ols_pred_target_5d
2024-10-22,0.00557881502703915,-0.00128153161944622,0.02076199144842907,-1.8090327282002707e-4,0.02076199144842907,2.0394622726587093e-4
2024-10-23,-0.03394951215625468,-0.0023081068110587535,0.01518317642138991,-0.0039922125218991925,0.02472653446828983,-0.0052066346956086695
2024-10-24,0.04913268857764459,0.0028688831908245584,0.04913268857764459,0.002751856231850227,0.05731827316408404,0.003925894054843045
2024-10-25,0,-0.004699215792392834,0.00954335804689991,-0.012652953622451944,-0.00343053509678911,-0.02097641152424416
2024-10-26,0,-0.005612681128250308,0.00818558458643944,-0.008080610114296387,-0.01936436718179113,-0.017955315003157335
2024-10-27,0.00954335804689991,0.0018615730621924567,-0.00343053509678911,-1.5375162442458134e-4,-0.01936436718179113,-0.004796782861966469
2024-10-28,-0.00135777346046047,-8.931138505444833e-4,-0.02890772522869104,-0.005959943565958359,-0.02890772522869104,-0.006113738701379877
2024-10-29,-0.01161611968322855,-0.001026796336312234,-0.02754995176823057,-0.007830555541149208,-0.02754995176823057,-0.012759135009839037
2024-10-30,-0.01593383208500201,-0.006185641801828773,-0.01593383208500201,-0.009624876710918304,-0.02646393991491249,-0.01793796152096759
2024-10-31,0,-0.0019002743564476303,0,-0.006865608668816409,0.00209278067313068,-0.014352717520664849
2024-11-01,0,-0.0036193991787101688,-0.01053010782991047,-0.008428562078930486,0.00418119076040136,-0.017265890461663762
2024-11-02,0,-0.0033411929099194937,0.00209278067313068,-0.007969057280529651,-0.0225998319172407,-0.01607924615751462
2024-11-03,-0.01053010782991047,-0.002922601168730054,0.00418119076040136,-0.004850805087235403,-0.03698856936934026,-0.010616946508381731
2024-11-04,0.01262288850304115,0.0025817184356112517,-0.01206972408733023,-0.002159690588497565,-0.02645846153942979,-0.002001797260821739
2024-11-05,0.00208841008727067,0.0010684420296409444,-0.03908135004247095,-2.867368575968693e-4,-0.03908135004247095,5.09272090554238e-4
2024-11-06,-0.02678102267764207,-0.00372822306381653,-0.04116976012974163,-0.0051316951747751105,-0.04116976012974163,-0.010409388748592445
2024-11-07,-0.01438873745209955,0.0022496646754102166,-0.01438873745209955,-3.814821785796774e-4,-0.0356271776431511,1.5665110508931166e-4
2024-11-08,0,1.0550111122534205e-4,0,-0.0015453775222289607,-0.02197890671877524,-0.0028253082579438663
2024-11-09,0,2.9217498888728854e-4,-0.02123844019105154,7.527308091711595e-4,-0.02197890671877524,-1.7316399245950292e-4
2024-11-10,0,-0.0018555940573495256,-0.02197890671877524,0.0011595169948763738,0.01438873745209955,-0.002195867565553777
2024-11-11,-0.02123844019105154,-6.221387053314353e-4,-0.02197890671877524,-0.0023079718939914107,0.01438873745209955,-0.004586842487279843
2024-11-12,-7.40466527723695e-4,0.0018186919378803319,0.0356271776431511,-0.0017714317910142818,0.0356271776431511,-0.0026054204440319724
2024-11-13,0,-4.311615843118766e-4,0.03636764417087479,-0.0034009726852080517,0.03779519616206011,-0.005879868714117227
2024-11-14,0.03636764417087479,-0.004878879746138887,0.03636764417087479,-0.010559645805647909,0.02270328197681691,-0.015918498399565596
2024-11-15,0,-0.0037693030729858894,0.00142755199118532,-0.004870794954777032,-0.0143887374520996,-0.007155758232429502
2024-11-16,0,-0.0016080958299490291,-0.01366436219405786,-0.0010605336538133054,-0.03267078228954867,-0.0010387192836329119
2024-11-17,0.00142755199118532,9.81294338767459e-4,-0.0143887374520996,-4.9978322185091724e-5,-0.04156631908011225,0.0019437378979675157
2024-11-18,-0.01509191418524319,-0.001554641550188484,-0.03409833428073399,-7.858172898246633e-4,-0.04299387107129757,0.0025493709515238766
2024-11-19,-7.243752580417329e-4,0.0037285542174089986,-0.02790195688605438,0.005339820181569719,-0.02790195688605438,0.009638796044211322
2024-11-20,-0.01828204483744907,0.001517176342950402,-0.02717758162801264,0.005788505952208415,-0.05129329438755048,0.008794080051075329
2024-11-21,-0.00889553679056357,0.0034296592984129994,-0.00889553679056357,0.0029496348233874624,-0.01862251209800174,0.004801592388792898
2024-11-22,0,-3.720901172824371e-4,-0.02411571275953783,-0.0021797421279408633,-0.02870287676644385,-0.005124909115488907
2024-11-23,0,-0.0018386046594271266,-0.00972697530743816,-0.0047244828118003625,-0.03562331961101765,-0.007635307562307869
2024-11-24,-0.02411571275953783,-1.5401512558641968e-4,-0.02870287676644385,-0.0037450298641515277,-0.043369291725673,-0.0068902501705884
2024-11-25,0.01438873745209967,0.003450925097672962,-0.01150760685147981,0.0028336489897300616,-0.01925357896613516,0.004920929056048589
2024-11-26,-0.01897590145900569,0.0033546744825128727,-0.03364231641823483,0.001321491491804305,-0.03364231641823483,0.0025346065832508673
2024-11-27,-0.00692044284457379,-6.834727043946775e-4,-0.01466641495922913,-0.004180008560088483,-0.01622283550688722,-0.004650429719936725
2024-11-28,-0.00774597211465534,9.330419212583215e-4,-0.00774597211465534,6.593884274080776e-4,-0.01476902087968064,-0.0013727493507067975
2024-11-29,0,-3.8560840963393334e-4,-0.00155642054765808,-0.001919411220069612,-7.77907468244428e-4,-4.270559809017265e-4
2024-11-30,0,0.0016276435325047283,-0.0070230487650253,6.222397455284009e-4,-0.00467654788390173,-2.8392973932051194e-6
2024-12-01,-0.00155642054765808,-0.0023825567130510645,-7.77907468244428e-4,-0.00214591128155677,0.01082763865206351,-0.003465233852353044
2024-12-02,-0.00546662821736722,0.0010472986392649247,-0.00312012733624365,4.0446424533031937e-4,0.0123840591997216,0.0014201190734172324
2024-12-03,0.00624514129678087,0.003966986810047336,0.01785068741708882,0.0027771409152883633,0.01785068741708882,0.006745118255696626
2024-12-04,-0.0038986404156573,0.0020565838525498535,0.01160554612030794,-9.627353405011237e-4,0.01160554612030794,0.0025315218675798445
2024-12-05,0.01550418653596525,3.7265056545982174e-4,0.01550418653596525,-0.0010010011953941196,0.01473465975693671,0.0019161890667066734
2024-12-06,0,-0.001853864481974439,0,-0.0025933298822531105,-2.287666583944414e-17,-0.003635663858563357
2024-12-07,0,-0.0018190672176307075,-7.69526779028541e-4,-0.003376877338049008,0.03477296675504495,-0.003931613579914907
2024-12-08,0,4.18382455215078e-4,-2.287666583944414e-17,-0.0014768438701493153,0.01526747213078844,-0.0022190796735414298
2024-12-09,-7.69526779028541e-4,-0.0015616912846851466,0.03477296675504495,-0.005487057008161664,0.01526747213078844,-0.008196422937761514
2024-12-10,7.695267790285181e-4,-0.0013808070877525834,0.01603699890981698,-0.00352367202494345,0.01603699890981698,-0.007030304373111518
2024-12-11,0.03477296675504497,-0.001088588717277706,0.01526747213078846,-0.005227014384237528,0.0362577480226243,-0.004762753996756543
2024-12-12,-0.0195054946242565,-0.00591703607942236,-0.0195054946242565,-0.007212721121100182,-0.04637851287535288,-0.011483985511477765
2024-12-13,0,-0.0028179445913126826,0.02099027589183583,-0.0034406961542225003,-0.04652001563489291,-0.007114901154397909
2024-12-14,0,0.0032631578802638163,-0.02687301825109637,0.002717541116327517,-0.07878087785311434,0.0051445943117402505
2024-12-15,0.02099027589183583,-6.155653650906756e-4,-0.04652001563489291,-0.002238138110894011,-0.0828876598057677,-5.712045129530843e-4
2024-12-16,-0.0478632941429322,-0.0016890484166690758,-0.0997711537449502,-0.002909716439182082,-0.10387793569760356,-0.0064993697399355005
2024-12-17,-0.01964699738379653,1.528846046324499e-4,-0.05601464155467133,0.002194586441450044,-0.05601464155467133,5.404006742004362e-4
2024-12-18,-0.03226086221822143,0.0070543289861282246,-0.03636764417087479,0.007788430263344448,-0.02735488344936688,0.01171583028571968
2024-12-19,-0.00410678195265335,0.006412114992543942,-0.00410678195265335,0.007600400502043052,0.00490597876885454,0.014802571071592151
2024-12-20,0,0.005267559613597023,0.0090127607215079,0.011429876626596683,0.0090127607215079,0.014163652928327037
2024-12-21,0,-3.7441411453569874e-4,0.0090127607215079,0.0036712881504303175,0.02358791752447599,0.0028608298065000925
2024-12-22,0.0090127607215079,0.004887998715799364,0.0090127607215079,0.0016019626309217948,0.00410678195265344,0.002323222191368479
2024-12-23,0,9.436202047652941e-4,0.01457515680296808,0.004235435233857408,-0.00490597876885445,0.0064517313913283626
2024-12-24,0,0.0019079993542316944,-0.00490597876885445,-0.00497840779121976,-0.00490597876885445,-0.0059065042717759185
2024-12-25,0.01457515680296808,-0.0016129423307474167,-0.00490597876885445,-0.008116208791924527,-0.00490597876885445,-0.01277675076855089
2024-12-26,-0.01948113557182254,8.983588083885478e-4,-0.01948113557182254,-0.0036857053923907254,-0.01948113557182254,-0.0011454831894322866
2024-12-27,0,-5.816833519155896e-4,0,0.004890412189279208,0,0.008079921545268529
2024-12-28,0,0.00266924532450211,0,0.007324426979901312,0,0.012393847347505099
2024-12-29,0,-1.427642330656285e-4,0,0.002844638164623752,0.02028467117150571,0.005100844408098783
2024-12-30,0,0.0021306155011482125,0,0.0047019260765024315,0.02028467117150571,0.0061351088869174815
2024-12-31,0,5.0492376323239684e-5,0.02028467117150571,0.001867232381658392,0.02028467117150571,0.0030097741845861287
2025-01-01,0,0.0024462329024870027,0.02028467117150571,-0.001628001817193762,0.01626052087178022,0.002079582110645134
2025-01-02,0.02028467117150571,0.0016858256894866125,0.02028467117150571,-0.0011162149720234536,0.00816331063916086,0.0026284592876398213
2025-01-03,0,-0.001172972022611737,-0.00402415029972549,-0.0011181714013842093,-0.03182643161167729,-1.9763699372394152e-4
2025-01-04,0,-0.0015776130615347073,-0.01212136053234485,-0.003395996730249132,-0.03016943040404768,-0.002639674964533671
2025-01-05,-0.00402415029972549,1.4488604396920734e-4,-0.03182643161167729,-0.0025959406426707956,-0.02934195828401529,-0.0025125749466870045
2025-01-06,-0.00809721023261936,-9.618595870289564e-4,-0.02614528010432219,-0.003394926070982631,-0.0253178079842898,-0.005098216948232775
2025-01-07,-0.01970507107933244,-9.83859436327411e-4,-0.01722059775167044,-0.0036582492844729714,-0.01722059775167044,-0.009770528119744975
2025-01-08,0.0016570012076296,-0.0014879296441242774,0.002484473327662,-0.0033683953385757522,-0.02094756108976847,-0.006660273138637789
2025-01-09,8.274721200323929e-4,9.453850668318893e-4,8.274721200323929e-4,0.0011013795859055972,-0.02345166103504986,-2.624670197551418e-4
2025-01-10,0,-7.534941489609828e-4,-0.02343203441743048,-0.002318611028347424,-0.01584026450921765,-0.00544223403129974
2025-01-11,0,1.880746243949702e-4,-0.02427913315508225,-0.00130033817007563,-0.02427913315508224,-0.003976065625135493
2025-01-12,-0.02343203441743048,4.5978279799526123e-4,-0.01584026450921765,-0.0026224005097751353,0.00495050515985606,-0.0037453753603444184
2025-01-13,-8.470987376517755e-4,0.0038019486060118022,-8.47098737651767e-4,-0.0024497940373883077,0.02838253957728654,-0.0037199221842489586
2025-01-14,0.0084388686458646,-0.0010643980900217373,0.02922963831493832,-0.003989790624412083,0.02922963831493832,-0.00905915196968996
2025-01-15,-0.00843886864586459,-0.0019022240812434595,0.02079076966907371,-0.004071350147713176,0.0306188586053364,-0.006084888975085826
2025-01-16,0.02922963831493831,-6.617466552172439e-4,0.02922963831493831,-4.4182065822780006e-4,0.03742640551911692,-0.004605462187127228
2025-01-17,0,3.0152683329004074e-4,0.00982808893626269,5.619175319536861e-5,0.02439145312415921,0.002887895741011447
2025-01-18,0,-6.719933297121965e-4,0.0081967672041786,-0.0016273207852064227,0.02036730282443372,1.5672690999099238e-4
2025-01-19,0.00982808893626269,0.0017691693624487083,0.02439145312415921,0.002697291231078208,0.02439145312415926,0.005012146783400197
2025-01-20,-0.00163132173208408,4.083898313786537e-4,0.01053921388817102,3.0882110923523563e-4,0.01456336418789657,0.0059528207066136245
2025-01-21,0.0161946859199806,-5.730987540008825e-4,0.01619468591998066,-6.913373264209049e-4,0.01619468591998066,3.9661727730317656e-4
2025-01-22,-0.00402415029972549,-0.003486279406636684,5.724587470723462e-17,-0.0021005545979645166,5.724587470723462e-17,-0.0026866984931045207
2025-01-23,0.00402415029972554,-3.9373496392104175e-4,0.00402415029972554,-1.772324214708951e-4,0.01202419296680192,0.003782409542613434
2025-01-24,0,0.0012154531262281595,0,0.0024042870950338217,0.00800004266707637,0.005064092408089625
2025-01-25,0,-0.002182312406543229,0.00800004266707637,-0.003938294790155219,1.0581813203458523e-16,-0.002342046520817499
2025-01-26,0,3.1237622504457386e-4,0.00800004266707637,0.0010678790871148681,-0.06899287148695132,0.002891611969906239
2025-01-27,0.00800004266707637,-4.0866340218042197e-4,1.0581813203458523e-16,-0.004800635760903515,-0.06899287148695132,-0.002286299058981625
2025-01-28,0,-0.0019190639601806437,-0.0769929141540277,-0.0062776450407606875,-0.0769929141540277,-0.005754995140511338
2025-01-29,-0.00800004266707626,-0.0015120059875903772,-0.0769929141540277,-0.002465666818107208,-0.04481401578979251,-1.2282137816105218e-4
2025-01-30,-0.06899287148695143,0.0014863582564895448,-0.06899287148695143,-6.392125061748533e-4,-0.00160771738809675,0.0012735005381205487
2025-01-31,0,0.006902966757106095,0.03217889836423519,0.004403826736085321,0.09515369752562372,0.004816344892838741
2025-02-01,0,0.005237790744682088,0.06738515409885468,-7.514531799976267e-4,0.08887424204078058,0.002221821642919342
2025-02-02,0.03217889836423519,-1.822974237413692e-4,0.09515369752562372,0.0014067410751151545,0.12217193689093991,-0.0023851401743176046
2025-02-03,0.03520625573461948,5.877916779795616e-4,0.05669534367654539,-3.212991750292084e-4,0.08999303852670473,-0.009539301369593274
2025-02-04,0.02776854342676904,0.0018968994908488794,0.05478678279208525,-8.950666696283798e-4,0.05478678279208525,-0.005893306862520697
2025-02-05,-0.00627945548484313,0.0020890079549844886,0.0270182393653162,-0.00632567174233293,0.00701757265864655,-0.007935731832794444
2025-02-06,0.03329769485015934,-0.0014449528111138068,0.03329769485015934,-0.007515224729188904,0.00784317746102598,-0.010816521834368834
2025-02-07,0,-0.007285107303416673,-0.02000066670666965,-0.021452152813554688,-0.00228745810759897,-0.033281659562499025
2025-02-08,0,-0.009796033272937972,-0.02545451738913335,-0.01739398459758076,-0.01612318996024911,-0.028251453529393115
2025-02-09,-0.02000066670666965,-0.0028118199445129554,-0.00228745810759897,-0.005148797630110155,-0.00995033085316809,-0.012204441883977972
2025-02-10,-0.0054538506824637,-0.002614176222668017,0.00387747674642053,-3.9817205837821483e-4,0.01005033585350155,-5.458679208370574e-4
2025-02-11,0.02316705928153438,0.0033209593467260334,0.01550418653596525,1.3705929706278876e-4,0.01550418653596525,0.001321687455221984
2025-02-12,-0.01383573185265013,-0.005795169787713979,-0.00766287274556912,-0.004468456764722451,-0.02316705928153432,-0.011463102482745279
2025-02-13,0.00617285910708101,0.002925302399754389,0.00617285910708101,0.002890110914594205,-0.00154918698682923,0.0037177241444426284
2025-02-14,0,0.0038573762128599073,-0.01550418653596519,5.717815323086835e-4,-0.0186340795448929,0.0010410097028835904
2025-02-15,0,-0.001017228487779276,-0.00772204609391025,-0.008466223274158984,-0.00153964618559264,-0.010266117472862159
2025-02-16,-0.01550418653596519,-9.506574327140889e-4,-0.0186340795448929,-0.0027608690503599853,-0.01472324155289379,-0.006372992749633649
2025-02-17,0.00778214044205494,-0.0013165582196795374,0.01396454035037255,-0.00626579455963119,7.809449830714094e-4,-0.009269181495057514
2025-02-18,-0.01091203345098265,-6.613160439431503e-4,-0.00700119545898354,-0.0031245795939398944,-0.00700119545898354,-0.006204886969360492
2025-02-19,0.01709443335930025,-9.420196954536261e-4,0.00391083799199911,-9.359156548085432e-4,0.02247285585205866,-0.0025820389223314847
2025-02-20,-0.01318359536730114,-0.001138950038846873,-0.01318359536730114,-0.002992960030919285,0.0015396461855927,-0.006052300787123688
2025-02-21,0,-0.002563475728340707,0.01856201786005956,-0.0037969736876342928,0.02999071368368222,-0.004762063872970843
2025-02-22,0,0.005098614087764505,0.01472324155289384,0.005235617474752482,0.02238611429846292,0.007626623544797208
2025-02-23,0.01856201786005956,-6.348678684369919e-4,0.02999071368368222,9.604667870292881e-4,-0.03011321038602318,0.0024425791062001674
2025-02-24,-0.00383877630716571,-9.50402056372788e-5,0.00382409643840336,-6.537450277878098e-4,-0.04867522824608274,-0.0012399429209110533
2025-02-25,0.01526747213078838,-0.0014442708499874252,-0.04483645193891702,-0.003206319684280822,-0.04483645193891702,-0.0013906375932092425
2025-02-26,-0.0076045993852193,0.001191868092057403,-0.0601039240697054,-3.04074218924525e-4,-0.03861483612777952,0.002619447192454909
2025-02-27,-0.0524993246844861,2.3465967267376398e-4,-0.0524993246844861,-3.2818184310320596e-5,-0.03101023674256022,0.002818645003561366
2025-02-28,0,0.00847434224999207,0.02148908794192587,0.009653006300179274,0.03323090581860907,0.015581973442890015
2025-03-01,0,0.0030898263223542804,0.02148908794192587,0.0047275155500795816,0.04483645193891696,0.00983822744754171
2025-03-02,0.02148908794192587,0.0013744526686284197,0.03323090581860907,0.0032836587371169908,0.05554810753384477,0.0032437121610171806
2025-03-03,0,-0.001232245783126309,0.02334736399699108,0.004394718780125645,0.03405901959191889,1.7237997540767185e-4
2025-03-04,0.01174181787668319,0.0016481542774127414,0.03405901959191889,0.001496593677617471,0.03405901959191889,0.0019437199982116412
2025-03-05,0.01160554612030789,0.002720564282648344,0.0223172017152357,-0.004002960081781155,0.02611515538799439,-0.004544742619692634
2025-03-06,0.01071165559492781,-0.0025187481036619192,0.01071165559492781,-0.007868591924688872,0.02130978658675114,-0.009350740381140513
2025-03-07,0,-0.002963471295895476,0.00379795367275869,-0.007598905131881376,0.01360565205577843,-0.01219600393540355
2025-03-08,0,-0.0032172782088835798,0.01059813099182333,-0.009176749344878549,0.041004626243893,-0.013085568035601871
2025-03-09,0.00379795367275869,-0.002502052294616922,0.01360565205577843,-0.008367823776505306,0.03440877968554181,-0.012453573953076755
2025-03-10,0.00680017731906464,-0.0034507567889893787,0.0372066725711343,-0.001681127255918162,0.03061082601278311,-6.393565555207883e-4
2025-03-11,0.0030075210639551,-0.0014407063481437225,0.02381064869371847,-0.004112511502173609,0.02381064869371847,-0.004644844634611837
2025-03-12,0.02739897418811456,-0.005977135156419282,0.02080312762976337,-0.00948169741480732,0.01342302033214083,-0.012673551025788718
2025-03-13,-0.00659584655835118,-0.0012361563607232089,-0.00659584655835118,-0.006537203248841748,-0.01694331508377583,-0.007268028783952911
2025-03-14,0,-3.452975349560272e-5,-0.00738010729762253,-0.0014586966282835075,0.01459879942115274,-3.4535393143402655e-4
2025-03-15,0,0.0023082786028193955,-0.01034746852542464,0.002285693794977603,-0.0058997221271883,0.0032245655161944227
2025-03-16,-0.00738010729762253,-0.0011288155720755846,0.01459879942115274,-0.0029800190826929107,-0.0110906866941581,-0.0031332584317690614
2025-03-17,-0.00296736122780211,-5.315180508364265e-6,0.00148038517043423,0.0010663604378732335,-0.00371057939653557,-0.0014844913203738684
2025-03-18,0.02494626794657739,-0.002690053973303723,-7.432181687334607e-4,-0.0032348199016619702,-7.432181687334607e-4,-0.005665750793782261
2025-03-19,-0.02049852154834104,-0.003468067141211927,-0.02568948611531085,-0.007171090891521379,-0.04445176257083375,-0.010798249051319157
2025-03-20,-0.0051909645669698,-0.0016546509994528563,-0.0051909645669698,-0.002541093020707536,-0.02243923619127768,-0.005917407151895733
2025-03-21,0,0.00253188374382187,-0.01876227645552289,0.001015141499478231,0.00222799943631305,3.713851152287423e-4
2025-03-22,0,-0.0012119279374271292,-0.01724827162430788,-0.004081220051629652,1.4484941024406342e-16,-0.004516628357111423
2025-03-23,-0.01876227645552289,0.001139060930042954,0.00222799943631305,0.0011476365141613533,7.432181687338026e-4,-0.0013245346123960926
2025-03-24,0.00151400483121501,-0.0011664190518438171,0.01876227645552303,0.0010833225342208425,0.01950549462425669,-0.0012604769341868906
2025-03-25,0.01947627106062093,4.271434371211699e-4,0.01799148979304168,-0.0032929542904739833,0.01799148979304168,-0.005416386005132242
2025-03-26,-0.00222799943631291,-0.004408272190712557,-0.00148478126757925,-0.005970035856829129,-0.02099027589183576,-0.01035293618661974
2025-03-27,7.432181687336577e-4,-8.459047639043579e-4,7.432181687336577e-4,-4.043079819386052e-4,-0.01876227645552284,-8.907794780578197e-4
2025-03-28,0,-1.2312361669827897e-4,-0.0195054946242565,-0.001636126931782945,0.02567064320461901,-5.808175455952138e-5
2025-03-29,0,0.0017005852768891072,-0.0195054946242565,-0.002227513705998269,-0.00521416451350051,0.0010419579798666887
2025-03-30,-0.0195054946242565,-7.224365184699294e-4,0.02567064320461901,9.076974767121995e-4,-0.01195828898887361,0.0015327458971998145
2025-03-31,0,0.00102301387830073,0.01429133011075599,0.005164752674422368,0.00754720563538289,0.007810927935144712
2025-04-01,0.04517613782887552,0.003734001293540991,0.00754720563538289,0.004802789844700712,0.00754720563538289,0.008515704301042946
2025-04-02,-0.03088480771811953,-0.0024062109579649346,-0.03762893219349263,-0.0035273336418134445,-0.07986169581676553,-0.0044542884019789205
2025-04-03,-0.00674412447537309,1.494328442381445e-4,-0.00674412447537309,0.001617148730821312,-0.01808640107930748,-0.002163107816894301
2025-04-04,0,0.0031544426978723783,-0.0422327636232729,-0.00267533507612308,-0.01134227660393438,-0.0017884505267445772
2025-04-05,0,0.0013373935002659848,-0.01134227660393438,-0.004220444664375897,1.231653667943533e-16,-0.0017757660310049128
2025-04-06,-0.0422327636232729,0.0012891024430901465,-0.01134227660393438,0.0034200072927207292,-0.02281467776617127,9.22327060320991e-4
2025-04-07,0.03089048701933851,-6.185904450731628e-4,0.04223276362327302,0.002272312516265021,0.01941808585710162,-0.0012952625892622093
2025-04-08,0,4.48563908732125e-4,-0.01147240116223688,-0.005130213209357348,-0.01147240116223688,-0.0059410971052866095
2025-04-09,0.01134227660393451,6.496428412741609e-4,-0.01147240116223688,0.0034635742946211652,-0.00304646084816509,0.0014014977078083348
2025-04-10,-0.0228146777661714,-0.001404143899650427,-0.0228146777661714,0.0010512151705523597,-0.00754720563538281,-0.004874591163972397
2025-04-11,0,0.004034451286874559,0.00842594031407179,0.0030331960865782096,0.01526747213078858,0.006710988195841826
2025-04-12,0,0.0068306739565740055,0.01526747213078858,0.0018018827062515291,0.01526747213078858,0.005803740381494369
2025-04-13,0.00842594031407179,-0.005025544772391783,0.01526747213078858,-0.0031973034485352735,0.01526747213078858,-0.005361299252887245
2025-04-14,0.00684153181671678,-0.0013501934671145003,0.00684153181671678,-3.0649210815002724e-4,0.00684153181671678,-0.001510525402740958
2025-04-15,0,-2.3469727692154477e-4,0,-5.939949092518625e-4,0,0.0013387414246855069
2025-04-16,0,-1.0810227918193522e-4,0,-0.010264591434797288,0.02321332237978227,-0.013668007878750624
2025-04-17,0,-0.003787409415338909,0,-0.0061186894726960915,0.02247285585205858,-0.008613988940807544
2025-04-18,0,6.237119162700063e-4,0.02321332237978227,-0.003108352863033947,0.01503787736454049,-8.957696621479186e-4
2025-04-19,0,-9.585064220790019e-4,0.02247285585205858,-0.002633665963558484,0.00904983551991782,-0.001634506809919667
2025-04-20,0.02321332237978227,-3.830653289166549e-5,0.01503787736454049,-0.003056281423336741,0.01727418094282112,-7.716939462198474e-4
2025-04-21,-7.40466527723695e-4,-0.0022417243287518374,-0.01416348685986445,-0.002465756064929037,-0.00593914143696115,-0.0045165014401556645
2025-04-22,-0.00743497848751809,-0.003188747420405299,-0.00519867490923745,-0.005557636078165477,-0.00519867490923745,-0.00816909223701566
2025-04-23,-0.00598804184462266,6.068468439517486e-4,0.00223630357828063,0.0012319449750579844,-0.00523757276624822,4.066831599880228e-4
2025-04-24,0.0082243454229033,0.0015498742134766636,0.0082243454229033,-4.0862351671797374e-4,-0.00150262988453486,0.0012208134594944562
2025-04-25,0,5.991324584742962e-4,-0.00747387634452885,0.0025814578545859234,0.04156631908011231,0.0029131606504211845
2025-04-26,0,-0.0011028724328265912,-0.00972697530743816,3.270653780028137e-4,0.04156631908011231,8.289561377317374e-4
2025-04-27,-0.00747387634452885,7.683771767130857e-5,0.04156631908011231,-8.967279911365572e-4,0.05926589617951317,-3.195181839504091e-4
2025-04-28,-0.00225309896290931,-0.0014174358988684336,0.04904019542464116,-0.004002706085673038,0.06673977252404202,-0.005314783898992769
2025-04-29,0.05129329438755048,0.0032061855271077774,0.06899287148695134,7.956482541534702e-4,0.06899287148695134,0.0049523975948337585
2025-04-30,0,-0.004109772457903302,0.01769957709940085,-0.00445255192481723,0.00711746776886388,-0.0068456746161103975
2025-05-01,0.01769957709940085,-0.0029174460402006082,0.01769957709940085,-0.0029592258984172,-1.0495077029659683e-16,-0.007819576867273184
2025-05-02,0,7.493923555827711e-4,-0.01058210933053697,0.0010706034713152612,-0.03208831455150052,0.0012938659950023235
2025-05-03,0,-9.975406731351387e-4,-0.01769957709940096,-0.0039248331380444534,-0.05777780066681141,-0.0011337726572756804
2025-05-04,-0.01058210933053697,9.597992887322626e-4,-0.03208831455150052,0.0018066089591358093,-0.040821994520255,0.002985059573109631
2025-05-05,-0.00711746776886398,-0.0035032449540867926,-0.04719569133627444,-0.003332800171964756,-0.03023988518971803,-0.005128156051265671
2025-05-06,-0.01438873745209955,9.836917634035195e-4,-0.02312241742085404,0.0015346883199946386,-0.02312241742085404,0.0015363647937006988
2025-05-07,-0.02568948611531089,0.0024619883272711854,-0.00873367996875448,9.76834688520944e-4,-0.00873367996875448,5.677332777877799e-4
2025-05-08,0.01695580614655641,0.002675111300993566,0.01695580614655641,0.002457677268780542,0.04719569133627459,-0.0021939482178353715
2025-05-09,0,8.039491126656167e-4,0,7.411243869932686e-4,0.02169282461125988,-5.087133317673635e-4
2025-05-10,0,0.0016546250348982586,0.03023988518971817,-3.298101442332314e-4,-0.01324522675002058,-0.0014935788706844028
2025-05-11,0,0.0010303069933968042,0.02169282461125988,0.0013038041412163806,-0.00660068403135207,-8.051232601080758e-4
2025-05-12,0.03023988518971817,-8.257319089964654e-4,-0.01324522675002058,-0.004678973420594419,-0.00660068403135207,-0.007647593695199794
2025-05-13,-0.00854706057845829,-0.0019056355896802345,-0.03684056922107025,-0.004947057477440289,-0.03684056922107025,-0.0068235545896354844
2025-05-14,-0.03493805136128046,-0.0038157401375219484,-0.02829350864261195,-0.003380205126611937,-0.02829350864261195,-0.006245453026790766
2025-05-15,0.00664454271866851,0.003973937020502826,0.00664454271866851,0.005216212521636295,-0.02931438766877542,0.00777675886960919
2025-05-16,0,0.0013965160818448928,0,-5.044913467804416e-4,0.00586942257280564,0.002818224229273932
2025-05-17,0,-8.727307245336086e-4,-0.03595893038744394,0.0017199928848765772,7.355645789538278e-4,2.2453778724307782e-4
2025-05-18,0,-0.001426564081667689,0.00586942257280564,0.004971650024649715,0.02829350864261182,0.0032626455794500108
2025-05-19,-0.03595893038744394,0.002358745982324797,7.355645789538278e-4,0.0023363655818190577,0.02829350864261182,0.005294019801218007
2025-05-20,0.04182835296024959,0.006413844583672112,0.06425243903005576,0.005618580584474699,0.06425243903005576,0.01027228932624977
2025-05-21,-0.00513385799385182,-4.926317788184159e-4,0.02242408606980617,-0.003555865921676616,0.01812300417041536,-0.004004502871106274
2025-05-22,0.02755794406365799,-0.0036774685572658304,0.02755794406365799,-0.005885700220575004,0.01532317467919436,-0.011648155400829847
2025-05-23,0,0.002864034717514473,-0.0043010818993908,-6.301767772029879e-4,-0.00573889666901817,-0.0013117265662492001
2025-05-24,0,-0.0013806975496609413,-0.01223476938446362,-0.004801690049321937,-0.01295914464250519,-0.006315689477641996
2025-05-25,-0.0043010818993908,8.164155822327782e-4,-0.00573889666901817,-0.0022643633048789326,-0.00501973087031266,-0.0035016437521352916
2025-05-26,-0.00793368748507282,-0.004897085164089828,-0.00865806274311438,-0.007239452634091202,-7.186489709218591e-4,-0.010114938368700421
2025-05-27,0.00649587271544545,-0.0012248071569823415,0.00721503851415096,-0.004775324343459501,0.00721503851415096,-0.007737396363478799
2025-05-28,-0.00722024797348702,-0.003010848847248991,7.191657987055044e-4,-0.0062582442031405535,0.00573889666901839,-0.01241098476839291
2025-05-29,0.00793941377219252,-0.0026620031392739687,0.00793941377219252,-0.009066320328394164,0.02150620522096376,-0.01597168412102133
2025-05-30,0,-0.0035473183836426682,0.00501973087031288,-0.007107475142380047,0.00644932367990724,-0.012867556825186212
2025-05-31,0,-0.001365021865844454,0.01356679144877123,-0.007486352994969598,0.00644932367990724,-0.008306169355799253
2025-06-01,0.00501973087031288,-2.254093358433782e-5,0.00644932367990724,-0.0021677784739987244,0.00644932367990724,-0.0024669046617571172
2025-06-02,0.00854706057845834,-1.19671736223006e-4,0.00142959280959435,-0.003308153571241562,0.00142959280959435,-0.004058336184424303
2025-06-03,-0.00711746776886398,-0.0027994368166852296,-0.00711746776886398,-0.00481872868760821,-0.00711746776886398,-0.0067035003663871795
2025-06-04,0,-0.0014155134006198526,0,-0.004625472082098835,-0.00286123228103223,-0.005604658241992062
2025-06-05,0,-8.738703780583045e-4,0,-0.0022307189451737284,-0.01511363781004812,-0.0037049885026618178
2025-06-06,0,-0.0020963986184863235,-0.00286123228103223,-0.0033276034093327536,-0.01077209698191111,-0.00660444329473495
2025-06-07,0,-7.431952881065619e-4,-0.01511363781004812,-0.0020771050384391335,-0.01077209698191111,-0.004104716199488947
2025-06-08,-0.00286123228103223,-0.0010926871325665592,-0.01077209698191111,-0.0017281614037944362,-0.00932909528851837,-0.0013104251191155003
2025-06-09,-0.01225240552901589,0.002524015111698759,-0.00791086470087887,0.0012109527276219652,-0.00646786300748614,0.007160766119957834
2025-06-10,0.00434154082813701,0.0016478544376049321,0.00578454252152974,2.3780713112062974e-4,0.00578454252152974,1.2548557756563515e-4
2025-06-11,0,2.0244562126757646e-4,0.00144300169339273,-6.421441547085948e-4,-0.0050669670478348,-0.0013262748829909502
2025-06-12,0.00144300169339273,1.360953837895643e-4,0.00144300169339273,-0.0016586861886069481,-0.00579291989278404,-0.0022615662172668525
2025-06-13,0,-9.437440948438136e-4,-0.00650996874122754,-0.003964764462057483,-0.02334168700103023,-0.009848040423217786
2025-06-14,0,-8.360938266006146e-4,-0.00723592158617678,-0.003683619008397856,-0.00796240182154252,-0.007857910627956556
2025-06-15,-0.00650996874122754,8.453754640187227e-4,-0.02334168700103023,-0.0018460513835221741,-0.01306259502638255,7.638374188099784e-4
2025-06-16,-7.259528449492387e-4,-7.85932097777817e-4,-0.00145243308031498,-0.0032242850130971726,-0.00655262628515501,-0.004404676528891998
2025-06-17,-0.01610576541485345,-4.201158566828987e-4,-0.00582667344020577,-0.0025955812762463045,-0.00582667344020577,-0.0030475188602578887
2025-06-18,0.0153792851794877,-0.002885687511205996,0.01027909197464767,-0.006304447978788075,-0.02616971773338476,-0.014409349635273544
2025-06-19,-0.00510019320484003,-4.813466344765644e-4,-0.00510019320484003,-0.0012163685850600946,-0.00949258679675627,-0.0037275669060787193
2025-06-20,0,-0.0022277221673262966,-0.03644880970803244,-0.003167942810916055,-0.02141093234349185,-0.006542600616299466
2025-06-21,0,0.0012244670329988178,-0.00439239359191624,8.265794187423897e-5,-0.01991950775682196,-0.002781736303742552
2025-06-22,-0.03644880970803244,-5.842271965070968e-4,-0.02141093234349185,-0.002979200517846145,-0.02739897418811458,-0.004663815882119479
2025-06-23,0.0320564161161162,0.0027795053815097195,0.01652930195121047,-5.149162074292493e-4,0.00904983551991785,-0.0028425330576642757
2025-06-24,-0.01701853875157561,0.0015707878243182904,-0.02300658059619834,0.001254853192122285,-0.02300658059619834,0.005618796224649339
2025-06-25,0.00149142458666989,0.002127577832377441,-0.00598804184462272,0.006750591809566428,-0.03030534949532896,0.00906133277882139
2025-06-26,-0.00747946643129262,0.004738375401237957,-0.00747946643129262,0.007555308964779577,-0.02872457504502858,0.009313362247667576
2025-06-27,0,0.001471202800048438,-0.02431730765070624,0.0026744816505360953,-0.04216799506779498,0.0062828838097176536
2025-06-28,0,0.004320021216756808,-0.02124510861373596,0.004270447586759343,-0.04766467164769736,0.0059218223482548115
2025-06-29,-0.02431730765070624,-0.003146852112844387,-0.04216799506779498,-0.005424789663073786,-0.06594090542029779,-0.008500223581235856
2025-06-30,0.00307219903697028,0.002767255017022501,-0.02334736399699112,0.0012729661053858818,-0.04162359776959155,0.0022490633763124256
2025-07-01,-0.02092288645405901,7.325893394026356e-4,-0.04469579680656183,0.0015848241618025987,-0.04469579680656183,7.588687158241543e-4
2025-07-02,-0.00549667657990238,0.0019220382438816432,-0.02377291035250281,0.0034675567050217082,-0.0054966765799024,0.004474995286571279
2025-07-03,-0.01827623377260042,0.003281048765266101,-0.01827623377260042,0.008716419122584515,-0.01988137055382895,0.010674188531402158
2025-07-04,0,0.004229515933874781,0.01827623377260041,0.004057274522616667,-0.01372649731357337,0.007892001322787789
2025-07-05,0,0.0020400007764270326,-0.00160513678122852,0.0028373164813813704,-0.0384191099039449,0.002474528236023415
2025-07-06,0.01827623377260041,-6.89309176086077e-4,-0.01372649731357337,-8.336616669283209e-4,-0.01372649731357348,-0.001338762672576523
2025-07-07,-0.01988137055382893,-0.0010260483392782872,-0.0566953436765453,-0.0018172140020142158,-0.03200273108617389,-0.0033309509027650897
2025-07-08,-0.01212136053234485,9.623527687158003e-4,-0.01212136053234495,0.003311550910104008,-0.01212136053234495,0.006257541768766386
2025-07-09,-0.02469261259037152,0.005515955626921202,-1.0755285551056204e-16,0.008900161832567418,0.00324675609886998,0.015714327361829462
2025-07-10,0.02469261259037141,0.005219233244837161,0.02469261259037141,0.011999468294156605,0.02550529040836175,0.02129804156980551
2025-07-11,0,6.295289406990025e-4,0.00324675609887009,0.004366152042637022,-0.02719574280848993,0.005763178641136714
2025-07-12,0,-0.0043887446574830125,8.126778179903425e-4,3.136144001666603e-4,-0.03306086226088807,-6.557781788682087e-4
2025-07-13,0.00324675609887009,0.0030497168555177973,-0.02719574280848993,0.004741573311824751,-0.00816331063916098,0.007640948624678451
2025-07-14,-0.00243407828087975,-7.701920580630474e-5,-0.03630761835975817,4.6208492895060126e-4,-0.01141006673803108,0.004467576440422669
2025-07-15,-0.02800842062648028,0.0019471903121938037,-0.00897598845715132,-6.2179744668362e-4,-0.00897598845715132,0.0012309302354227732
2025-07-16,-0.00586511945239813,-0.0012677516463046792,0.01903243216932895,-8.485481380962774e-4,0.05049932848637392,-5.767753055477623e-4
2025-07-17,0.02489755162172708,0.001841618941663652,0.02489755162172708,0.0010698479762514133,0.07134304883190495,0.003103560356488755
2025-07-18,0,-0.001999157769439617,0.03146689631704497,-0.001240662841312949,0.03067229953308358,3.3093512455452796e-4
2025-07-19,0,-0.002861093096165884,0.04644549721017786,-5.024730239480983e-4,0.02429269256904454,-0.002963428218321439
2025-07-20,0.03146689631704497,3.47573491368669e-4,0.03067229953308358,0.001781976934250579,0.00653597097978544,0.0030471211264550303
2025-07-21,0.0149786008931329,-0.001534094432241456,-0.00717420374800042,-0.008464869371397558,-0.02493092533725952,-0.007186799822614168
2025-07-22,-0.01577319767709428,-0.004848339228713634,-0.03990952623039241,-0.009343812767436403,-0.03990952623039241,-0.011613003293528884
2025-07-23,-0.00637960696403904,5.139579605443562e-4,-0.02413632855329813,0.0049170134422203415,-0.03067229953308366,0.00819799121747375
2025-07-24,-0.01775672158925909,0.005487903849848233,-0.01775672158925909,0.00537810780043568,-0.03252319170556011,0.013246084218381835
2025-07-25,0,7.044526626574859e-4,-0.00653597097978553,0.001118403033130102,-0.01724888760955621,0.0023963046383955787
2025-07-26,0,-9.106314049434885e-4,-0.01476647011630101,0.004975023808835737,-0.03817891074104423,0.004715013104778552
2025-07-27,-0.00653597097978553,-0.0016963628746446318,-0.01724888760955621,-0.0015696392240431636,-0.0189072627823324,-0.003266649573740317
2025-07-28,-0.00823049913651548,0.0018080962803911508,-0.0316429397612587,-8.761662332627547e-4,-0.01237129180254687,-0.002390486487367776
2025-07-29,-0.00248241749325519,3.388893316722084e-4,-0.00414079266603139,-0.004221117718048273,-0.00414079266603139,-0.004938303824744087
2025-07-30,-0.02093002313148802,-0.0015297347559739744,-0.00165837517277619,-0.006758419363740357,0.03340432783184129,-0.01213763141388411
2025-07-31,0.01927164795871182,0.001249738393594537,0.01927164795871182,3.6629855639791226e-4,0.02753615780860514,-2.0429290642460125e-4
2025-08-01,0,0.002753767000903659,0.03506270300461748,0.0038277366452781655,0.00826450984989331,0.008153920908436571
2025-08-02,0,-0.0012751472703023468,0.00826450984989331,-5.9796819696707654e-5,0.01809259878615601,-5.005265127746035e-4
2025-08-03,0.03506270300461748,0.001527491938161044,0.00826450984989331,0.0027556456107681575,0.00331400469003729,0.002627124061100699
2025-08-04,-0.02679819315472416,-0.0019325766235757677,-0.01697010421846147,-0.0027935133706278588,-0.03174869831458019,-8.540484469415146e-4
2025-08-05,0,0.002134651687859877,-0.00495050515985602,0.0035909764708554654,-0.00495050515985602,0.005243259876657623
2025-08-06,0.00982808893626269,0.005478189934289829,-0.00495050515985602,0.010928997336879898,-0.0334759291963894,0.01826486938630731
2025-08-07,-0.01477859409611872,0.0015634235409188125,-0.01477859409611872,0.0022866043735129587,-0.0433040181326521,0.008384921259734555
2025-08-08,0,0.0036724590472116754,-0.02852542403653338,0.010260626030412381,-0.02427913315508238,0.012755040299378906
2025-08-09,0,0.0010530229618026302,-0.02852542403653338,0.005836256372480086,-0.02427913315508238,0.009146515125726907
2025-08-10,-0.02852542403653338,0.0014615064667059413,-0.02427913315508238,-3.0986726375345486e-4,-0.02005079704556127,0.0017179021508433405
2025-08-11,0,0.003337575839079487,0.004246290881451,0.00505323386355658,0.0084746269909721,0.006642684860033943
2025-08-12,0.004246290881451,0.002074951103223232,0.0084746269909721,0.005970054848543281,0.0084746269909721,0.008140030346080889
2025-08-13,0,0.0032020769753218978,0.0042283361095211,0.0022000292367296745,-0.01537178004785394,0.006753984184959973
2025-08-14,0.0042283361095211,5.749454226517547e-4,0.0042283361095211,3.458254177892435e-5,-0.03010980147137051,-0.0027439667548852125
2025-08-15,0,-0.0012780609535390994,-0.01960011615737505,3.345430427060756e-4,-0.03871451218069051,-2.1121666668421903e-4
2025-08-16,0,0.0011037357134857356,-0.03433813758089162,-0.00494418269889655,-0.03871451218069051,-0.0038185629357467953
2025-08-17,-0.01960011615737505,-1.1115178221038606e-4,-0.03871451218069051,-0.003935266585789571,-0.0360863897744211,-0.003441467290252842
2025-08-18,-0.01473802142351657,3.989554464700329e-4,-0.01911439602331546,0.0024923245265483056,-0.01648627361704605,0.0034662752303608476
2025-08-19,-0.00437637459979888,0.0035387313708937634,-0.00174825219352947,0.00471715216772892,-0.00174825219352947,0.0075931528638682536
2025-08-20,0,0.002332662256595564,0.0026281224062694,0.005503143480787636,0.0026281224062694,0.008176503847881659
2025-08-21,0.0026281224062694,4.670988310201182e-5,0.0026281224062694,0.0036638404751982447,-0.0168071183163814,0.001551035207532235
2025-08-22,0,0.0034366926779548683,0,0.005360814123458068,0.01130938543751196,0.008863557624280581
2025-08-23,0,0.002061287082155212,-0.01943524072265081,-3.0251606624440267e-4,-0.01587334915629021,6.707897840222137e-4
2025-08-24,0,0.0013447852712265113,0.01130938543751196,-0.0023952678012956635,-0.01143875208842444,-7.550222585723549e-4
2025-08-25,-0.01943524072265081,-3.299629573529968e-4,-0.01587334915629021,-0.0046961545857264015,-0.01143875208842444,-0.0046027748409636915
2025-08-26,0.03074462616016277,-0.0022373251832341814,0.00799648863422636,-0.003700312753200888,0.00799648863422636,-0.009529090466895514
2025-08-27,-0.02718273459380218,-8.30747024617558e-4,-0.0227481375259364,-0.0018223661361805663,-0.0227481375259364,7.960824431118627e-5
2025-08-28,0.00443459706786577,0.0014752341893274788,0.00443459706786577,0.0071692461201700195,-0.01522644733129134,0.009128153097836567
2025-08-29,0,0.002086616553150111,0,0.003442567346291034,-0.02418389245288372,0.0035803570937659483
2025-08-30,0,-0.0011712774223553613,-0.01966104439915712,-0.0015791307360670036,-0.02509092199352633,-3.55426730814499e-4
2025-08-31,0,0.002823163823166275,-0.02418389245288372,0.0043600299801859616,-0.01246676876512993,0.004365738699097416
2025-09-01,-0.01966104439915712,-0.0018851733252654,-0.02509092199352633,-7.125380310592699e-4,-0.01246676876512993,-7.116176711086072e-4
2025-09-02,-0.0045228480537266,0.0024914441447313747,0.00719427563402719,3.406964666874411e-4,0.00719427563402719,4.125498393065094e-4
2025-09-03,-9.070295406426148e-4,0.0021515261791132875,0.01171712368775379,0.0015687450267657375,-0.03037509179755059,0.0023589547542350285
2025-09-04,0.0126241532283964,-4.6457300858359263e-4,0.0126241532283964,-0.0023812969973718147,-0.02666824708216133,-0.003412545887541728
2025-09-05,0,2.1770739465455435e-4,-0.04209221548530439,0.0024614592100167814,-0.03464339147231373,0.0036760182549349213
2025-09-06,0,3.236898560406071e-4,-0.03929240031055774,-0.001782779137199596,-0.03371617768312146,-0.0016880355368538848
2025-09-07,-0.04209221548530439,2.3502882062461953e-4,-0.03464339147231373,-0.00186271010887473,-0.0327898228229908,-0.002062220598025117
2025-09-08,0.00279981517474664,0.005930489373266381,0.00837603780218292,0.007712965193960607,0.00930239266231358,0.013600869754985728
2025-09-09,0.00464900883824401,0.003899372117347777,0.00650257748756694,0.0065956634074202745,0.00650257748756694,0.008956236158902519
2025-09-10,9.272137891922676e-4,-3.202693924120212e-4,0.00185356864932292,0.0016238248427960726,-0.052367985517316,0.0025275717214940643
2025-09-11,9.263548601306608e-4,0.0015921852165474812,9.263548601306608e-4,0.004352553633353753,0.01654449501709564,0.0028068675328418273
2025-09-12,0,1.8908259113488264e-4,-0.05422155416663893,0.001978656507308331,0.03636764417087489,0.0015485426093779873
2025-09-13,0,0.0011692334389386257,0.01561814015696498,-0.007884153865232333,0.05406722127027575,-0.010256576944109783
2025-09-14,-0.05422155416663893,-0.0012323723559596513,0.03636764417087489,-0.006782270385678546,0.05844359587007453,-0.01044036263493726
2025-09-15,0.06983969432360392,0.0074227749898647015,0.10828877543691467,0.01271050988419784,0.11266515003671349,0.01934807761389539
2025-09-16,0.02074950401390991,0.004508822184043953,0.04282545571310955,-0.009861392270037756,0.04282545571310955,-0.007574354929369411
2025-09-17,0.01769957709940085,-0.003843781091551539,0.02207595169919964,-0.003790198357834656,0.00888894741724583,-0.022083935253431407
2025-09-18,0.00437637459979878,0.00109074168616738,0.00437637459979878,-0.0023434622818097298,-0.02666824708216148,-0.017097124119823226
2025-09-19,0,0.004623200046911777,-0.0131870042819538,-0.007133649853421244,-0.03555930203648684,-0.00772659048372411
2025-09-20,0,0.00435901456128439,-0.03104462168196026,-0.004269384209120945,-0.03104462168196023,-0.00427839661881726
2025-09-21,-0.0131870042819538,-0.007405217183682483,-0.03555930203648684,-0.010905847943109951,-0.02207595169919991,-0.02085164875130868
2025-09-22,-0.01785761740000646,-0.0037707309761071187,-0.01785761740000643,-0.007971667565058158,-0.00888894741724611,-0.018184863174009202
2025-09-23,-0.00451468035452658,-0.00369832689459818,0.00896866998276034,-0.01027155114926652,0.00896866998276034,-0.02348688967432801
2025-09-24,0.00451468035452661,-0.0035432273824869197,0.01348335033728693,-0.011072628090543244,0.00451468035452655,-0.0251026834394541
2025-09-25,0.00896866998276031,-0.006958945934901052,0.00896866998276031,-0.01064634033048487,0.03540192705091594,-0.024237447908989518
2025-09-26,0,8.749825892168233e-4,-0.00896866998276037,-0.003754402341853389,1.4224732503009818e-16,-0.004834500702915721
2025-09-27,0,-3.644031649342925e-5,0.02643325706815562,-0.0037230528584841606,0.00267499044930297,-0.004854536132711351
2025-09-28,-0.00896866998276037,0.00152790389020739,1.4224732503009818e-16,-0.0028457910043401956,0.00888894741724604,-0.0014532292032932218
2025-09-29,0.035401927050916,1.7663190105810005e-4,0.01164366043206335,-0.0015706493320050746,0.01785761740000642,-9.112360030212396e-4
2025-09-30,-0.02643325706815548,-0.005308799985578014,-0.01754430965090957,-0.009259738405750551,-0.01754430965090957,-0.015137066638919108
2025-10-01,0.00267499044930283,3.2604409140556316e-5,0.0088889474172459,0.0028000280459898755,-0.03082746379525968,0.004229386576952007
2025-10-02,0.00621395696794307,0.006376763655830894,0.00621395696794307,0.010285536182603264,0.00444247731956095,0.015844151083326465
2025-10-03,0,-8.918777394380885e-5,-0.03971641121250559,0.0029646414743985765,-0.03879602458517681,0.00621027800743851
2025-10-04,0,0.003264306074979373,-0.00177147964838211,0.007323892392986807,-0.04989697114462314,0.008160680011390073
2025-10-05,-0.03971641121250559,-2.41102042471322e-4,-0.03879602458517681,0.003816070440771773,-0.06018224180479656,0.006609775238166752
2025-10-06,0.03794493156412347,0.006404312668363597,-0.01018055993211755,0.007336675953509382,-0.02046583059229097,0.011805829205996697
2025-10-07,-0.03702454493679469,0.0030972506205199897,-0.05841076215641444,0.0016035471837897752,-0.05841076215641444,0.0063767562725734256
2025-10-08,-0.01110094655944633,0.004187573592740088,-0.02138621721961976,0.012182623746442574,-0.01576295966525772,0.013887383165681054
2025-10-09,-0.01028527066017342,0.0073964707960711,-0.01028527066017342,0.0107765983976857,-0.00653292104162311,0.013132863931571441
2025-10-10,0,0.00475453477213967,0.00562325755436203,0.0032135097759432353,0.00468824112345555,0.01088405182820642
2025-10-11,0,0.004652672484650917,0.0037523496185503,0.007853518325312189,0.01492565021667564,0.009145862296743789
2025-10-12,0.00562325755436203,-0.0027031903072494575,0.00468824112345555,0.0012724940722185097,0.02597548640326058,-1.6283122541204062e-4
2025-10-13,-0.00187090793581173,0.001121423070933509,0.0093023926623136,-0.004493494716997568,0.02035222884889854,-0.007290295382580152
2025-10-14,9.358915049052457e-4,-6.961869405471118e-4,0.02222313678471027,-0.006314064791337925,0.02222313678471027,-0.009183306116993735
2025-10-15,0.01023740909322009,2.0393041981509123e-4,0.02128724527980502,-0.005655121454509673,0.01577758946883533,-0.009951105560024636
2025-10-16,0.01104983618658493,-0.0027876854284729336,0.01104983618658493,-0.005978393838973291,0.01561814015696487,-0.007690610189824185
2025-10-17,0,-0.0018404352321867948,-0.00550965581096969,-0.006529574147031202,-0.02128724527980508,-0.007376446827320393
2025-10-18,0,-0.0023121759831301295,0.00456830397037994,-7.444683842547724e-4,-0.03922071315328131,7.562410588799804e-4
2025-10-19,-0.00550965581096969,8.003550484466687e-4,-0.02128724527980508,0.0013063227587650568,-0.0830233358116742,0.004550092224305855
2025-10-20,0.01007795978134963,3.935578416647028e-5,-0.03371105734231161,3.9277905248105667e-4,-0.0775136800007045,6.935925233373894e-5
2025-10-21,-0.02585554925018502,-0.001251771466476092,-0.08759163978205414,-5.052137516844944e-4,-0.08759163978205414,-0.002035759907924021
2025-10-22,-0.01793346787347622,5.606328784409671e-4,-0.06173609053186911,0.0034403313846095825,-0.04203101945253677,0.004471176436634018
2025-10-23,-0.04380262265839289,0.005328356200971848,-0.04380262265839289,0.010750437302175047,-0.00956945101615074,0.015106708196611628
2025-10-24,0,0.007143309219583464,0.01970507107933233,0.014701594586013111,0.03998582413169198,0.023392612257881397
2025-10-25,0,0.005646048219586405,0.03423317164224214,0.011680675065657958,0.04760490860813156,0.016326019906176
2025-10-26,0.01970507107933233,-1.0263345283555623e-4,0.03998582413169198,0.005087304546782617,0.04760490860813156,0.00550814907736209
2025-10-27,0.0145281005629098,-6.176460839307419e-4,0.02789983752879923,-8.072157268324726e-4,0.02789983752879923,-0.006092262779764928
2025-10-28,0.00575265248944984,-0.0031925535329835743,0.01337173696588942,-0.007221289733749808,0.01337173696588942,-0.01041298139989804
2025-10-29,0.00761908447643957,9.114446152788109e-4,0.00761908447643957,-0.005412552615853943,-0.01541456340118665,-0.005535255998655896
2025-10-30,0,-0.005009562439639258,0,-0.011597421533057331,0.00284225676893002,-0.016550091612494006
2025-10-31,0,-0.0025016254621626124,-0.02303364787762623,-0.007669927595307264,-0.02789983752879908,-0.009155286709998682
2025-11-01,0,-0.0030352271308869447,0.00284225676893002,-0.0032781852211387825,-0.01337173696588928,-0.005042389863702283
2025-11-02,-0.02303364787762623,-0.0021645869945890626,-0.02789983752879908,-0.003678661269691569,-0.01337173696588928,-0.005238934246838188
2025-11-03,0.02587590464655625,2.4019514090332117e-4,0.00966191091173695,0.006052888460727919,0.00966191091173695,0.0076081687315757264
2025-11-04,-0.03074209429772911,0.0013519300543200176,-0.0162139937348193,0.0031302297287606118,-0.0162139937348193,0.007166023992377804
2025-11-05,0.0145281005629098,0.0024630753628345618,0.0145281005629098,0.008345126248463506,6.418476861114186e-17,0.011137374566887152
2025-11-06,0,0.004996008562211928,0,0.005760859047894531,-0.03622520417348279,0.00966945692293706
2025-11-07,0,-1.6610062506416167e-4,-0.01452810056290974,-8.166339373051207e-4,-0.01452810056290974,5.736996842145527e-4
2025-11-08,0,0.0020426924711188796,-0.03622520417348279,0.0025334203139715916,-0.01452810056290974,0.0017011024713240075
2025-11-09,-0.01452810056290974,-0.001379917980267424,-0.01452810056290974,1.3396831227903132e-4,-0.04927104900678272,0.0015026057300610116
2025-11-10,-0.02169710361057304,0.0015330701627978898,0,-0.0016572011848119135,-0.03474294844387297,-0.002368070514697239
2025-11-11,0.02169710361057304,-0.0015171168575550769,-0.01304584483329993,3.7988562360069674e-5,-0.01304584483329993,-0.0032124865015901206
2025-11-12,0,-0.0018467588744065025,-0.03474294844387297,-0.002550573046577955,0.02409755157906042,-0.0034508132772444393
2025-11-13,-0.03474294844387297,-0.0020796283406724512,-0.03474294844387297,0.0031115514799580483,0.02028075305235956,0.0015067027570743385
2025-11-14,0,0.004942611286803883,0.05884050002293339,0.008068302792465589,0.08237099743312748,0.01002332273172423
2025-11-15,0,0.002681541587377479,0.05502370149623254,0.004615516260919816,0.11170398958000129,0.010252506683022982
2025-11-16,0.05884050002293339,0.0032423329095172364,0.08237099743312748,0.005726798095879883,0.13226796857775072,0.009427448321086489
2025-11-17,-0.00381679852670085,-7.125879292612323e-4,0.05286348955706788,0.001676153370489539,0.07342746855481733,-4.1364982344074537e-4
2025-11-18,0.02734729593689493,0.0018860096619344592,0.07724426708151817,0.004517346552382116,0.07724426708151817,0.0015124073726360528
2025-11-19,0.02933299214687379,0.0012187343794279693,0.04989697114462324,-0.00559842637594191,0.04989697114462324,-0.007751403327809488
2025-11-20,0.02056397899774945,-0.004622022230200001,0.02056397899774945,-0.011700926400208821,0.05535009508316505,-0.01341881031756954
2025-11-21,0,-0.0027125702064433113,0,-0.004897078629733094,0.04329680575332421,-0.009803630674913846
2025-11-22,0,-0.005208550832221555,0.0347861160854156,-0.009966837222595998,0.02188271124950763,-0.014912358552981867
2025-11-23,0,-8.452976220719633e-4,0.04329680575332421,-0.008461746661707516,0.03050345429341458,-0.011679170054075186
2025-11-24,0.0347861160854156,-0.005233101420529289,0.02188271124950763,-0.005290838464198499,0.03050345429341458,-0.009886335061397638
2025-11-25,0.00851068966790861,-0.00518212299327221,-0.00428266179200101,-0.01196502533908869,-0.00428266179200101,-0.019385141036637524
2025-11-26,-0.02141409450381658,-0.007852373344376874,-0.01279335145990963,-0.015059822676004829,-8.47816922339666e-4,-0.02468304193554366
2025-11-27,0.00862074304390695,0.0034419437594953375,0.00862074304390695,-0.0020201135911819814,0.00431966114451622,-0.0045618057706482565
2025-11-28,0,0.0012391592283127841,0.01194553453756996,-0.003778011361756177,-0.01295914464250526,-0.0035263292290855157
2025-11-29,0,-7.434192216483264e-4,-0.00430108189939072,-0.005278225759268431,-0.01295914464250526,-0.009699521055970663
2025-11-30,0.01194553453756996,-0.0026803006347306687,-0.01295914464250526,-0.004534185203930968,-0.00430108189939073,-0.011032713920745283
2025-12-01,-0.01624661643696069,-0.0025563434764334426,-0.02490467918007523,-0.0074724200228301636,-0.0162466164369607,-0.012524587017181205
2025-12-02,-0.00865806274311454,-0.0027674351982339604,-1.0408340855860843e-17,-0.009124436825105692,-1.0408340855860843e-17,-0.01596761876154052
2025-12-03,0,-0.0020534568278084333,0.00865806274311453,-0.006536918402390574,0.00865806274311453,-0.013421993619729216
2025-12-04,0.00865806274311453,-0.0037134267602566425,0.00865806274311453,-0.007857955350912044,-1.0408340855860843e-17,-0.013694187638460077
2025-12-05,0,3.719225568908294e-4,0,7.837378120138235e-4,-0.02002679034987421,-0.001008558006555723
2025-12-06,0,2.2529480221879065e-4,-0.00865806274311454,0.0013871267351584162,3.4694469519536136e-17,0.001880150729824327
2025-12-07,0,0.0010442720971803126,-0.02002679034987421,7.144485481791679e-4,-0.00692044284457376,0.002466391591864661
2025-12-08,-0.00865806274311454,0.0011948624494193094,3.4694469519536136e-17,4.3735913694757834e-5,-0.00692044284457376,0.0031776926564115178
2025-12-09,-0.01136872760675966,6.381360084672592e-4,0.00173761989854078,0.003861890915768048,0.00173761989854078,0.005536899322462141
2025-12-10,0.02002679034987424,0.0035371541430758613,0.01310634750530044,0.007103891441770207,0.04134955981869538,0.011964750219339966
2025-12-11,-0.00692044284457379,0.0016506933668990872,-0.00692044284457379,0.0023787024235812386,0.03805956182434497,0.0053641911147158895
2025-12-12,0,3.194687478261677e-4,0.02824321231339494,0.0035259745316745506,0.04082199452025509,0.004519913757035303
2025-12-13,0,0.0029623268078057055,0.04498000466891876,0.006812180038511591,0.02992955335383142,0.008552057990549118
2025-12-14,0.02824321231339494,9.485993767303301e-4,0.04082199452025509,0.0012300080320578688,0.0069204428445737,0.0038350957994212455
2025-12-15,0.01673679235552382,-4.404464274967396e-4,0.00168634104043647,-0.001243661187028004,-0.02132276946882123,-4.230936265111188e-4
2025-12-16,-0.00415801014866367,-0.004590834032239859,-0.03805956182434506,-0.006057097889524354,-0.03805956182434506,-0.006398888004118594
2025-12-17,-0.01089244116642367,-7.872628397783133e-4,-0.03390155167568139,-0.0012924892238047572,-0.00585041367817557,-3.723169830374658e-4
2025-12-18,-0.02300911050925771,0.0020463072795837405,-0.02300911050925771,7.514367230132986e-4,0.00922438406572667,0.005356887486524826
2025-12-19,0,9.803245071494094e-4,0.02805113799750581,6.956984788195312e-4,0.03223349457498438,9.656323390797579e-4
2025-12-20,0,-0.0024189224629537934,0.03223349457498438,8.673640209714877e-4,0.03223349457498438,-0.0010257433731840051
2025-12-21,0.02805113799750581,-0.0017382657260035519,0.03223349457498438,-0.0013707498987417658,0.03056265041016677,-0.0034885882860574745
2025-12-22,0.00418235657747857,-0.0014171469328274943,0.00418235657747857,-4.1638245689416993e-4,0.00251151241266096,-0.0024752212904866067
2025-12-23,0,-0.0017268938768833328,-0.0016708441648176,-0.0028950284842294083,-0.0016708441648176,-0.004589196350960491
2025-12-24,0,8.593714435441938e-5,-0.0016708441648176,-0.004460530420672296,-0.03137179697750319,-0.004706028109983416
2025-12-25,-0.0016708441648176,-7.047876673887025e-4,-0.0016708441648176,-0.0046011943978070515,-0.03137179697750319,-0.0028398460158487442
2025-12-26,0,2.17889268843939e-4,-0.02970095281268558,-5.26152320124368e-4,-0.02970095281268558,9.824965181557436e-4
2025-12-27,0,-0.0031177660393630906,-0.02970095281268558,-0.0040299838605894435,-0.02970095281268558,-0.005932474296578908
2025-12-28,-0.02970095281268558,-0.002358546445643193,-0.02970095281268558,-0.005516519196607715,-0.0083963549529064,-0.007206684954706255
2025-12-29,0,9.94654455430329e-4,0,0.003467844117037441,0.02130459785977918,0.0038545210458245157
2025-12-30,0,0.0028159819031944385,0.02130459785977918,0.004807980078436917,0.02130459785977918,0.006093329183293828
2025-12-31,0,-0.0010355545980805009,0.02130459785977918,-2.7553242593406183e-4,0.01707983449947068,-0.0015276521189589549
2026-01-01,0.02130459785977918,0.0011799791111936741,0.02130459785977918,0.001871756181693454,0.04133865689289512,-0.00099542966037855689
2026-01-02,0,-1.8791188945468625e-4,-0.00422476336030849,9.620311571479386e-4,0.00755988480794025,0.0019109582779607355
2026-01-03,0,6.281746067664379e-4,0.02003405903311594,-0.0019938132916572835,0.02003405903311607,3.42349187587145e-4
2026-01-04,-0.00422476336030849,4.8489355235012876e-5,0.00755988480794025,-4.336065143957072e-5,0.01755164153986087,0.0018730997215606496
2026-01-05,0.02425882239342443,-0.0012005179618800085,0.02425882239342456,-0.002046232473698181,0.02177640490016937,-1.9582788894820824e-4
2026-01-06,-0.01247417422517568,-0.0011841115009188887,-0.00248241749325506,0.0015088076684352282,-0.00248241749325506,0.003448370451592121
2026-01-07,0.01247417422517581,-0.0011283026341846727,0.00999175673192062,0.0010982049367819018,0.03211474009972237,0.002651354850630963
2026-01-08,-0.00248241749325519,-0.0022761361647851298,-0.00248241749325519,0.002637146985489932,0.02368424303835581,6.674110503333247e-4
2026-01-09,0,-4.4402810503695587e-4,0.02212298336780174,-6.062344860404664e-4,0.02697343750155111,0.0026091024495817627
2026-01-10,0,0.002145859281510518,0.026166660531611,0.004986199619603631,0.03500560919881537,0.0071676807036487955
2026-01-11,0.02212298336780174,-0.001633133127213663,0.02697343750155111,2.8042572244231723e-4,0.03180047824986692,0.0026255573980884304
2026-01-12,0.00404367716380925,3.326011506363005e-4,0.01288262583101362,-9.327863515536554e-4,0.00967749488206517,0.0012973546191139493
2026-01-13,8.0677696994011e-4,-0.0036484373734520597,0.00563381771825591,-0.003681890236486773,0.00563381771825591,-0.0037321382662184456
2026-01-14,0.00803217169726425,-0.0016652463867841544,0.0048270407483158,-0.002654978605995024,-0.01380452291191032,-0.002208574147745253
2026-01-15,-0.00320513094894844,-0.001249703285245688,-0.00320513094894844,-0.0010613517636063807,-0.05255725073867615,0.0026885475122214644
2026-01-16,0,0.0017011788704540745,-0.01863156366022612,0.001955506756448073,-0.05612033513586643,0.004928431768847906
2026-01-17,0,-0.002630983670125064,-0.0493521197897277,-9.44919430060478e-4,-0.05442398188768788,1.1402330150161087e-4
2026-01-18,-0.01863156366022612,-4.912869665274036e-4,-0.05612033513586643,-9.701546686233525e-4,-0.07151841524698795,0.00222387639227891
2026-01-19,-0.03072055612950157,4.40903908520262e-4,-0.03579241822746175,0.0013288199479505923,-0.05288685158676182,8.284402326968023e-4
2026-01-20,-0.00676821534613873,0.0031165715264487763,-0.02216629545726025,0.0058438145671407685,-0.02216629545726025,0.005929009127144169
2026-01-21,0.00169635324817855,0.0027222674169906425,-0.01539808011112151,0.0032784507463632837,-0.00681433641973007,0.004068374138667297
2026-01-22,-0.01709443335930006,0.0021813361749456993,-0.01709443335930006,0.004760888470617621,-0.0292368201850256,0.004995808491445067
2026-01-23,0,0.0022919378760409823,0.00858374369139143,0.004618692247954146,-0.00865806274311469,0.002959520078721288
2026-01-24,0,0.0019946338669179263,-0.01214238682572553,9.061225958287834e-4,-0.0262023723940242,1.2638867185081636e-4
2026-01-25,0.00858374369139143,0.0012244465687862786,-0.00865806274311469,-0.0029191843861604947,0.06669137449867203,-0.0031208489630372787
2026-01-26,-0.02072613051711697,-0.0016177861144778935,-0.03478611608541564,-0.004881878114608762,0.0581076308072806,-0.007808865983126746
2026-01-27,0.00348432408261084,3.2078271627343974e-4,0.07883376132439757,0.0024145582653639524,0.07883376132439757,0.0039885186495248175
2026-01-28,-0.0175443096509095,0.005264998014940268,0.07534943724178672,0.00741488063326569,0.00693243677564468,0.012377158722855656
2026-01-29,0.09289374689269624,-0.001407051856377872,0.09289374689269624,-4.8766549423839156e-4,0.02620237239402405,-0.001513151188936648
2026-01-30,0,-0.006102384773895556,-0.06841700046614203,-0.021349223294461313,-0.06067502631252648,-0.036410978274484536
2026-01-31,0,-0.004399871646507085,-0.06669137449867217,-0.004356417666415802,-0.06496872118722592,-0.027293410612029546
2026-02-01,-0.06841700046614203,0.007726135869376891,-0.06067502631252648,-0.002690377828099081,-0.05725329500136518,-0.007251011284422357
2026-02-02,0.00172562596746985,0.013127526012677639,0.00344827927891609,-0.0043263323411558635,0.01116370546477684,-0.007134200147931733
2026-02-03,0.00601634818614569,0.01498069521759293,0.00943807949730698,-0.01018272426310367,0.00943807949730698,-0.008700992465752126
2026-02-04,-0.00429369487469945,-0.006135224329573034,0.00342173131116129,-0.001467930857881099,-0.01467441092926025,-0.010859283294009122
2026-02-05,0.00771542618586074,0.001568892028912971,0.00771542618586074,1.971471204046482e-4,0.00686109037994514,-0.010233479266876237
2026-02-06,0,6.718065846480095e-4,-0.01809614224042154,-0.0054611875566641654,0.03027985749981421,-0.011102910599261825
2026-02-07,0,-0.0029304505055513562,-8.543358059155924e-4,-0.024858558166575263,8.536065392406797e-4,-0.04490222058960153
2026-02-08,-0.01809614224042154,-0.007540870203881643,0.03027985749981421,-0.02234638466124322,2.8514517136368767e-17,-0.04492071145757518
2026-02-09,0.01724180643450595,0.0012513474865089597,0.01894974877966222,-0.006816708697210636,0.01809614224042157,-0.009475744887072979
2026-02-10,0.0311341933057298,-0.0016739842680085287,8.543358059156209e-4,-0.004619446399458867,8.543358059156209e-4,-0.007758267323033453
2026-02-11,-0.02942625096057353,-0.005690070873257568,-0.03027985749981418,-0.009118908856737535,-0.0345588541870938,-0.016287241802045
2026-02-12,-8.536065392406512e-4,-0.0010892676835750313,-8.536065392406512e-4,0.0042927199482219935,-0.00513260322652026,0.0025633851265049546
2026-02-13,0,0.0037134994853418287,-0.00427899668727961,0.0013269895224890748,-0.0017094021256489,0.005625453847840158
2026-02-14,0,-4.7104444433672486e-4,-0.00427899668727961,-0.0033256822748750606,0.00426076486085485,-0.0018768540887341414
2026-02-15,-0.00427899668727961,3.660769412582037e-5,-0.0017094021256489,0.004967183624285894,0.01357103101195075,0.00397992078021179
2026-02-16,0,-9.531062852759844e-4,0.00853976154813446,0.0012190709519472786,0.01785002769923037,0.002116346207990265
2026-02-17,0.00256959456163071,0.00211072623523128,0.01785002769923037,-0.003960543161268576,0.01785002769923037,-0.005119586684823815
2026-02-18,0.00597016698650375,-6.847064943894388e-5,0.01528043313759965,-0.0026725591614124794,0.00936575598764206,-0.004131983326673653
2026-02-19,0.0093102661510959,-0.0016673647023704298,0.0093102661510959,-0.003873545616512303,0.01853465021682239,-0.0059058300126957055
2026-02-20,0,-0.0010022153817417672,-0.00591467714995759,-0.005073296326896096,0.00252419149590693,-0.0055394744633364325
2026-02-21,0,4.890287863599478e-4,0.00922438406572649,-0.0043821759254895265,-0.00168634104043656,-0.0027435023643383673
2026-02-22,-0.00591467714995759,-0.0015263728730562393,0.00252419149590693,-0.0026328130253125575,-0.02300911050925775,-0.004233033763396663
2026-02-23,0.01513906121568408,0.0013350755969574063,0.00422833610952103,8.13613442186711e-4,-0.01709443335930016,0.001648774755944891
2026-02-24,-0.00670019256981956,-0.0018994111191720422,-0.03223349457498425,-4.424944471942834e-4,-0.03223349457498425,-0.003542412124203873
2026-02-25,-0.00421053253634349,5.680534564356454e-4,-0.02553330200516468,0.0032724344927615424,-0.03419136474827922,0.004895480441209268
2026-02-26,-0.02132276946882119,0.0029351290254047624,-0.02132276946882119,0.004258868323888751,-0.02824321231339485,0.0051275447683027066
2026-02-27,0,0.0023136297696053957,-0.00865806274311454,0.0034562554145162253,-0.04857467014855707,0.005848197220436675
2026-02-28,0,0.0032654450964400383,-0.00692044284457366,0.005259069320710446,-0.05401932969678888,0.005988806015861093
2026-03-01,-0.00865806274311454,-7.448911114418188e-4,-0.04857467014855707,7.872349773288785e-4,-0.06224230887722087,5.169738314133064e-4
2026-03-02,0.00173761989854087,-8.986059043792376e-4,-0.04536126695367434,-0.0043518994604741104,-0.05358424613410634,-0.010632706297287044
2026-03-03,-0.04165422730398341,-0.0037879116679817326,-0.05532186603264721,-0.006064205849354811,-0.05532186603264721,-0.011310825652416341
2026-03-04,-0.0054446595482318,0.004576681514312791,-0.0136676387286638,0.006621805734516712,-0.08397198581342605,0.008611442210425539
2026-03-05,-0.00822297918043199,0.0029444140117881067,-0.00822297918043199,0.006840539207168156,-0.06484187317994,0.007894225638122771
2026-03-06,0,0.0012966263228945969,-0.07030434708476224,0.004316379276826763,-0.06441620445953974,0.004525239823777883
2026-03-07,0,0.001345415596864918,-0.05661889399950801,0.004804866280627444,-0.06637506894487277,0.0024366376032358165
2026-03-08,-0.07030434708476224,3.0248197598140415e-4,-0.06441620445953974,0.002039509613066671,-0.08617769624105252,0.0018564036791304537
2026-03-09,0.01368545308525423,0.010236559089652392,0.00392927813988946,0.0115709091092599,-0.01587334915629028,0.018099097202192195
2026-03-10,-0.00779731046003173,0.006295321499271282,-0.02955880224154451,0.005525520931307664,-0.02955880224154451,0.016403066186811154
2026-03-11,-0.00195886448533303,0.0030348892973400014,-0.02176149178151279,0.01195296112396537,-0.02426462199963126,0.014026238748915542
2026-03-12,-0.01980262729617975,0.005171317275274516,-0.01980262729617975,0.012037723197237315,-0.01980262729617975,0.011146479570146499
2026-03-13,0,0.0034117292494390966,-0.00250313021811847,0.0050915389503168465,0.00995033085316809,0.00979302622966966
2026-03-14,0,0.0043161397107390415,-2.168404344971009e-18,0.003779038424617966,-0.01005033585350145,0.006300463307023577
2026-03-15,-0.00250313021811847,-0.002473837928855994,0.00995033085316809,-0.0018867762792890341,-0.01005033585350145,-0.004092033861277273
2026-03-16,0.00250313021811847,-4.4444775669770574e-4,-0.00754720563538297,-0.0032932789124267047,-0.00754720563538297,-0.006255556749092207
2026-03-17,0.00995033085316809,-0.0023140067616679535,-0.01005033585350145,-0.005458538823815135,-0.01005033585350145,-0.009065206389413404
2026-03-18,-0.02000066670666954,-0.0029127486714123213,-0.02000066670666954,-0.00850096445259288,-0.03373085951857145,-0.016099931593840343
2026-03-19,0,-3.0136251191409044e-4,0,0.005649595802978316,0.01005033585350148,0.009106983346390485
2026-03-20,0,0.0029853626979277938,-0.0137301928119019,0.006565102435162659,0.01702594958992684,0.009310861236125796
2026-03-21,0,-5.088738214785102e-4,0.01005033585350148,7.978117506426824e-4,1.8388068845354155e-16,0.0017651144792236798
2026-03-22,-0.0137301928119019,-6.404548574001981e-5,0.01702594958992684,0.0018224224412768664,-0.00506330195654657,1.515447310097423e-4
2026-03-23,0.02378052866540338,-0.0028626549365764475,0.01373019281190209,-0.0030724832592317897,0.00866689085535532,-0.007068472400121702
2026-03-24,0.00697561373642535,-0.0014047359418534189,-0.01511363781004805,-0.0028411594619049893,-0.01511363781004805,-0.003866830965960827
2026-03-25,-0.01702594958992665,-0.002316266305044133,-0.02208925154647341,-0.0021777474315635564,-0.04779760825668033,-0.0011645177209354957
2026-03-26,-0.00506330195654676,0.002643096111583674,-0.00506330195654676,0.006527611274136834,0.00904983551991804,0.007315212435298313
2026-03-27,0,-4.3423121807837674e-4,-0.02570835671020692,-0.0010643027659163612,0.02704220867532217,-8.977277543298634e-4
